filename,duration,spectral_centroid_mean,spectral_centroid_std,spectral_rolloff_mean,spectral_bandwidth_mean,zero_crossing_rate_mean,rms_mean,rms_std,tempo,onset_density,detected_key,key_confidence,mfcc_1_mean,mfcc_1_std,mfcc_2_mean,mfcc_2_std,mfcc_3_mean,mfcc_3_std,mfcc_4_mean,mfcc_4_std,mfcc_5_mean,mfcc_5_std,mfcc_6_mean,mfcc_6_std,mfcc_7_mean,mfcc_7_std,mfcc_8_mean,mfcc_8_std,mfcc_9_mean,mfcc_9_std,mfcc_10_mean,mfcc_10_std,mfcc_11_mean,mfcc_11_std,mfcc_12_mean,mfcc_12_std,mfcc_13_mean,mfcc_13_std,chroma_C_mean,chroma_C#_mean,chroma_D_mean,chroma_D#_mean,chroma_E_mean,chroma_F_mean,chroma_F#_mean,chroma_G_mean,chroma_G#_mean,chroma_A_mean,chroma_A#_mean,chroma_B_mean,tonnetz_1_mean,tonnetz_2_mean,tonnetz_3_mean,tonnetz_4_mean,tonnetz_5_mean,tonnetz_6_mean,energy_range,brightness_range,avg_phase_duration,phase_duration_std,has_climax,has_breakdown,has_build_up,structural_complexity,energy_progression,brightness_progression,mood_descriptors,primary_mood,mood_confidence,character_tags,primary_character,character_confidence,num_phases,phase_analysis_available
01_221128_0001_TR11.wav,332.8000,1487.1600,1183.6000,2531.1000,2649.5700,0.0230,0.0060,0.0020,161.5000,2.4910,B,0.7400,-535.1837,73.0899,182.6531,38.6778,17.0104,43.2558,7.3276,12.9688,20.3504,20.1812,17.1297,9.7756,3.4677,7.2907,-0.1232,7.1520,-7.7833,8.6976,-5.8595,9.2417,-2.1852,5.8257,-1.0742,5.9471,-2.6288,6.2348,0.6370,0.5370,0.3710,0.3680,0.3010,0.2320,0.2180,0.1960,0.2320,0.2160,0.4860,0.7400,-0.0290,-0.1120,0.1000,0.0770,-0.0060,0.0000,0.1597,6637.2520,20.8000,10.8800,True,False,True,6.0000,0.0000,brightening,"oozy, atmospheric, warm",oozy,0.9170,"analog_synth, acoustic_instrument, granular_synth, wavetable_synth, physical_modeling, sampler, subtractive_synth, additive_synth, modular_synth, organ, piano, brass, pad_synth, rich_texture, pure_tone, bright_harmonics, warm_harmonics, smooth_texture, rough_texture, organic_texture, liquid_texture, gaseous_texture, sandy_texture, plastic_texture, reverbed, delayed, chorused, flanged, phased, distorted, compressed, filtered, pitched, bit_crushed, tape_saturated, tube_saturated, multiband_processed",sampler,1.0000,16,True
01_221214_0001_TR11.wav,697.2300,1330.3900,779.6800,1947.3400,2174.1400,0.0370,0.0040,0.0020,114.8000,1.5320,C#,0.6240,-584.1758,67.9302,204.0125,36.6891,17.8034,42.7080,-34.4188,25.0482,-16.1194,19.6729,-0.4933,13.9847,-8.0675,10.1952,-13.1285,10.8051,-11.0981,10.4123,-6.5673,8.3684,-5.4723,7.9453,-3.4436,7.4142,-2.5434,7.3489,0.5430,0.6240,0.4160,0.4950,0.3230,0.1960,0.2100,0.2510,0.2070,0.2320,0.3220,0.4350,-0.0630,-0.0640,0.0410,0.0020,0.0340,0.0090,0.0940,2940.6900,25.8200,24.1700,False,False,False,5.0000,0.0000,brightening,"oozy, atmospheric, warm, pulsating, undulating, rippling, pendular, panoramic, rubato, accelerando, eclipse",oozy,0.9170,"analog_synth, acoustic_instrument, granular_synth, wavetable_synth, physical_modeling, sampler, subtractive_synth, additive_synth, modular_synth, string_machine, organ, piano, choir, brass, woodwind, pad_synth, rich_texture, pure_tone, bright_harmonics, warm_harmonics, smooth_texture, rough_texture, organic_texture, liquid_texture, gaseous_texture, wooden_texture, fabric_texture, sandy_texture, waxy_texture, rubbery_texture, reverbed, delayed, chorused, flanged, phased, distorted, compressed, filtered, pitched, bit_crushed, tape_saturated, tube_saturated, multiband_processed",sampler,1.0000,27,True
01_230103_0001_TR11.wav,474.3600,3268.0500,1628.0000,7465.7700,4704.5900,0.0330,0.0060,0.0040,112.3000,1.8550,G,0.5950,-534.8365,72.4371,95.8180,33.1923,10.2751,21.9260,24.9197,13.8891,21.2169,11.0971,22.5563,10.1813,10.5619,10.2217,6.1814,8.7324,3.0850,10.3203,10.0744,8.0827,-0.0782,8.7992,-4.9809,12.1460,3.0123,8.4290,0.4160,0.4020,0.4010,0.4100,0.3830,0.3850,0.5130,0.5950,0.5850,0.5000,0.4480,0.4210,-0.1430,0.0180,0.0760,0.0100,0.0070,-0.0500,0.1875,5743.2710,13.5500,3.3700,False,False,True,5.0000,0.0000,darkening,"spacey, synthetic, exuberant, ethereal, atmospheric, crystalline, spectral, vaporous, translucent, euphoric, triumphant, expansive, panoramic, accelerando, arctic",synthetic,0.9630,"analog_synth, digital_synth, percussive_instrument, acoustic_instrument, granular_synth, drum_machine, sampler, additive_synth, modular_synth, lead_synth, rich_texture, pure_tone, bright_harmonics, warm_harmonics, rough_texture, crystalline_texture, organic_texture, gaseous_texture, glassy_texture, sandy_texture, reverbed, delayed, chorused, flanged, phased, distorted, compressed, filtered, pitched, ring_modulated, bit_crushed, multiband_processed",sampler,1.0000,35,True
01_230103_0002_TR11.wav,235.1000,2279.0100,1126.0200,4674.7300,4116.8000,0.0160,0.0030,0.0030,110.0000,1.5950,C,0.8120,-609.7307,81.7242,114.2913,21.5006,11.2509,22.5700,11.0412,10.3675,16.1933,8.7736,19.6878,7.5584,15.5145,5.9470,7.8386,5.5979,4.4417,5.8127,12.2091,7.1323,5.9976,5.1929,3.6446,5.6475,6.5454,5.7043,0.8120,0.7940,0.7740,0.7660,0.7860,0.7810,0.7180,0.7110,0.6880,0.7050,0.7910,0.7690,-0.0380,0.0310,0.0060,-0.1130,0.0360,-0.0310,0.1395,4188.5250,11.7600,2.3900,True,False,False,5.0000,0.0000,brightening,"spacey, synthetic, exuberant, atmospheric, vaporous",synthetic,0.9630,"analog_synth, digital_synth, percussive_instrument, acoustic_instrument, granular_synth, drum_machine, sampler, additive_synth, modular_synth, rich_texture, pure_tone, bright_harmonics, warm_harmonics, smooth_texture, rough_texture, organic_texture, gaseous_texture, sandy_texture, reverbed, delayed, chorused, flanged, phased, distorted, compressed, filtered, pitched, ring_modulated, bit_crushed, tape_saturated, multiband_processed",sampler,1.0000,20,True
01_230122_0001_TR11.wav,435.9800,1116.3700,741.9600,1922.2700,2226.6700,0.0170,0.0100,0.0060,95.7000,1.5510,G,0.5870,-507.0403,69.1612,174.4261,32.8787,35.5602,32.9288,16.9920,17.3521,11.0459,10.6565,9.0921,9.2455,4.6874,7.6855,3.0404,5.6401,1.9756,5.6160,2.8295,6.0550,1.5533,6.0302,0.4032,6.3052,-0.2524,5.9762,0.4320,0.4420,0.4640,0.4400,0.4550,0.4710,0.5540,0.5870,0.5070,0.4470,0.4280,0.4380,0.0160,0.0260,0.0370,-0.0020,0.0100,-0.0180,0.1688,5165.6280,15.0300,8.2800,True,False,True,3.0000,0.0000,brightening,"oozy, atmospheric, warm",oozy,0.9170,"analog_synth, acoustic_instrument, granular_synth, physical_modeling, sampler, subtractive_synth, additive_synth, modular_synth, string_machine, organ, piano, woodwind, pad_synth, rich_texture, pure_tone, bright_harmonics, warm_harmonics, smooth_texture, rough_texture, organic_texture, gaseous_texture, sandy_texture, rubbery_texture, reverbed, delayed, chorused, flanged, phased, distorted, compressed, filtered, pitched, bit_crushed, tape_saturated, tube_saturated, multiband_processed",sampler,1.0000,29,True
01_230127_0001_TR11.wav,650.3200,2124.1200,755.9700,3977.6500,3178.4000,0.0440,0.0050,0.0050,86.1000,1.4320,B,0.7240,-469.7054,49.3794,123.6971,24.4503,0.5191,22.4096,-6.0872,15.1324,12.5538,8.9609,14.5831,9.7756,3.8900,8.1454,-1.0715,7.3930,3.5444,7.4012,7.4147,8.0944,5.0079,7.6299,-2.3328,7.4150,-6.4957,7.8256,0.4860,0.2760,0.2280,0.2650,0.2700,0.3010,0.3280,0.4120,0.4800,0.4600,0.6480,0.7240,-0.0220,-0.0390,0.0260,0.0220,-0.0110,0.0070,0.0531,1486.8330,13.0100,3.9300,False,False,False,2.0000,0.0000,darkening,"spacey, synthetic, pensive, atmospheric, nebulous, vaporous, expansive, panoramic",synthetic,0.9630,"analog_synth, digital_synth, acoustic_instrument, granular_synth, drum_machine, sampler, subtractive_synth, additive_synth, modular_synth, string_machine, piano, pad_synth, lead_synth, rich_texture, pure_tone, bright_harmonics, warm_harmonics, smooth_texture, rough_texture, organic_texture, liquid_texture, gaseous_texture, sandy_texture, ceramic_texture, plastic_texture, reverbed, delayed, chorused, flanged, phased, distorted, compressed, filtered, pitched, ring_modulated, bit_crushed, tape_saturated, tube_saturated, multiband_processed",sampler,1.0000,50,True
01_230211_0001_TR11.wav,459.8600,1556.2400,1245.4200,2160.9900,3257.2600,0.0210,0.0020,0.0020,105.5000,1.7440,C#,0.6460,-621.4202,45.1421,96.0155,32.6476,44.0307,24.5228,23.2015,20.4380,20.1633,12.5139,13.4003,9.1161,5.7764,7.6600,1.4471,7.8619,-1.2715,7.3188,-1.9872,7.2591,-0.3757,6.7675,1.0378,5.6701,0.7494,5.1001,0.4630,0.6460,0.6440,0.5920,0.5060,0.4640,0.4000,0.4260,0.5150,0.5150,0.4160,0.3460,-0.1320,0.0260,0.0970,-0.0840,0.0080,0.0430,0.0189,5556.0890,51.1000,92.7500,False,False,False,2.0000,0.0000,darkening,"synthetic, atmospheric, warm, expansive, panoramic",synthetic,0.9630,"analog_synth, acoustic_instrument, granular_synth, drum_machine, sampler, subtractive_synth, additive_synth, modular_synth, organ, piano, pad_synth, rich_texture, pure_tone, bright_harmonics, warm_harmonics, smooth_texture, rough_texture, organic_texture, liquid_texture, gaseous_texture, sandy_texture, reverbed, delayed, chorused, flanged, phased, distorted, compressed, filtered, pitched, ring_modulated, bit_crushed, tape_saturated, tube_saturated, multiband_processed",sampler,1.0000,9,True
01_230224_0001_TR11.wav,462.0500,2495.7200,1552.7000,4704.5200,4549.0600,0.0230,0.0010,0.0010,123.0000,1.3980,D#,0.6040,-776.3899,60.3795,155.1430,41.5225,51.9544,22.9474,-1.0187,13.4937,-2.8000,15.6447,-3.2332,14.6160,-3.6343,11.9162,-6.4244,10.3650,-7.1845,10.2037,-5.6744,12.3927,-3.1020,13.2287,-2.2024,11.3282,-1.3649,8.9591,0.4160,0.3920,0.4830,0.6040,0.4530,0.2590,0.2770,0.4220,0.4730,0.3420,0.3360,0.4240,-0.0690,0.0130,0.0240,0.1660,0.0090,0.0450,0.0864,7569.6370,14.0000,4.1100,False,False,False,3.0000,0.0000,darkening,"spacey, synthetic, atmospheric, crystalline, vaporous, expansive, panoramic",synthetic,0.9630,"analog_synth, digital_synth, percussive_instrument, acoustic_instrument, granular_synth, drum_machine, sampler, additive_synth, modular_synth, lead_synth, rich_texture, pure_tone, bright_harmonics, warm_harmonics, smooth_texture, rough_texture, organic_texture, gaseous_texture, sandy_texture, ceramic_texture, reverbed, delayed, chorused, flanged, phased, distorted, compressed, filtered, pitched, ring_modulated, bit_crushed, tape_saturated, tube_saturated, multiband_processed",sampler,1.0000,33,True
01_230304_0001_TR11.wav,228.8300,3643.0400,969.0500,7142.6700,4087.5500,0.0710,0.0080,0.0030,147.7000,2.3380,C#,0.6870,-384.8702,104.3625,112.4596,29.9706,-48.4034,17.5484,9.7163,9.7507,7.1064,7.4827,17.7413,6.9016,0.7045,6.3656,3.9503,6.0186,2.1923,6.2123,5.8653,4.8574,2.7161,4.9210,2.5077,4.8395,-2.1697,4.8289,0.5750,0.6870,0.5360,0.5230,0.5460,0.4920,0.4120,0.3360,0.5280,0.3730,0.4160,0.5630,-0.0410,-0.1090,-0.0530,0.1400,0.0580,-0.0240,0.1505,5141.5300,14.3000,4.3100,True,False,True,4.0000,0.0000,brightening,"spacey, synthetic, tense, exuberant, ethereal, atmospheric, euphoric, triumphant, spiraling, accelerating, expansive, dimensional, accelerando",ethereal,0.9170,"analog_synth, digital_synth, mellotron, percussive_instrument, acoustic_instrument, granular_synth, wavetable_synth, drum_machine, sampler, additive_synth, modular_synth, lead_synth, rich_texture, pure_tone, bright_harmonics, warm_harmonics, rough_texture, organic_texture, gaseous_texture, glassy_texture, sandy_texture, reverbed, delayed, chorused, flanged, phased, distorted, compressed, filtered, pitched, ring_modulated, bit_crushed, multiband_processed",sampler,1.0000,16,True
01_230312_0001_TR11.wav,147.2800,2283.0300,1141.6600,3985.7600,2495.4900,0.0610,0.0070,0.0050,147.7000,2.3970,E,0.5010,-462.6010,91.4987,165.1146,36.4962,-63.2252,24.9264,12.3851,13.7153,10.3827,15.4758,2.7482,8.4890,-7.0458,9.2847,-11.9318,9.8245,-5.3358,8.2363,-6.0643,7.9911,2.2454,7.0880,-5.3534,6.9707,-12.2777,8.4767,0.4340,0.2610,0.4230,0.4300,0.5010,0.4220,0.2890,0.3720,0.4780,0.3850,0.4890,0.4570,-0.0530,0.0980,0.0820,-0.0130,0.0620,-0.0600,0.1164,6888.1250,49.0900,36.2400,True,False,False,3.0000,0.0000,darkening,"spacey, synthetic, exuberant, atmospheric, nebulous, vaporous, translucent, metallic, triumphant, pulsating, oscillating, spiraling, accelerating, expansive, dimensional, accelerando",atmospheric,0.9170,"analog_synth, digital_synth, mellotron, acoustic_instrument, fm_synth, am_synth, granular_synth, wavetable_synth, physical_modeling, drum_machine, sampler, subtractive_synth, additive_synth, modular_synth, piano, brass, pad_synth, lead_synth, arp_synth, rich_texture, pure_tone, bright_harmonics, warm_harmonics, rough_texture, organic_texture, mechanical_texture, gaseous_texture, metallic_texture, sandy_texture, ceramic_texture, plastic_texture, reverbed, delayed, chorused, flanged, phased, distorted, compressed, filtered, pitched, ring_modulated, bit_crushed, tape_saturated, tube_saturated, multiband_processed",wavetable_synth,1.0000,3,True
01_230319_0001_TR11.wav,269.2200,2038.7100,877.5000,3227.5500,3463.5700,0.0370,0.0040,0.0020,123.0000,1.7460,C#,0.6990,-541.4870,79.3989,177.9182,32.6052,-15.8305,18.4501,-1.8830,8.1513,15.6078,9.1609,20.1501,7.3074,9.5063,7.4267,-2.1784,6.8799,4.4043,7.0081,-9.5727,7.3929,3.7980,5.9081,-0.7688,6.6502,4.6896,5.7170,0.5500,0.6990,0.6430,0.5830,0.5110,0.4570,0.3720,0.3430,0.3970,0.4310,0.4590,0.4420,-0.1440,0.0490,-0.1000,-0.1870,0.0650,-0.0040,0.1208,5511.5680,13.4600,3.7000,True,False,True,3.0000,0.0000,brightening,"spacey, synthetic, exuberant, atmospheric, vaporous, expansive, panoramic, accelerando",synthetic,0.9630,"analog_synth, digital_synth, acoustic_instrument, granular_synth, drum_machine, sampler, subtractive_synth, additive_synth, modular_synth, string_machine, piano, pad_synth, lead_synth, rich_texture, pure_tone, bright_harmonics, warm_harmonics, smooth_texture, rough_texture, organic_texture, liquid_texture, gaseous_texture, sandy_texture, ceramic_texture, plastic_texture, reverbed, delayed, chorused, flanged, phased, distorted, compressed, filtered, pitched, ring_modulated, bit_crushed, tape_saturated, tube_saturated, multiband_processed",sampler,1.0000,20,True
01_230413_0001_TR11.wav,576.1800,2388.5600,550.6300,3413.1800,2009.8600,0.0880,0.0090,0.0070,112.3000,1.2950,D,0.7190,-471.7769,95.5266,146.1078,46.9742,-117.9378,19.5856,-39.5934,18.9487,-0.5852,9.4928,-23.5520,10.3105,-27.6633,7.9182,-19.6312,9.5643,-7.7528,8.3621,2.6366,8.2566,5.8018,8.0305,7.9964,6.3973,10.7953,6.7453,0.4130,0.5150,0.7190,0.5590,0.6470,0.5520,0.4770,0.3660,0.3690,0.5060,0.4220,0.3480,0.0930,0.0160,-0.0640,-0.0720,-0.0120,-0.0120,0.1789,6174.3870,14.7700,4.0400,False,False,True,3.0000,0.0000,brightening,"spacey, synthetic, atmospheric, nebulous, fibrous, metallic, mysterious, playful, yearning, rippling, pendular, expansive, panoramic, rubato",atmospheric,0.9170,"analog_synth, digital_synth, mellotron, acoustic_instrument, fm_synth, am_synth, granular_synth, wavetable_synth, physical_modeling, drum_machine, sampler, subtractive_synth, additive_synth, modular_synth, string_machine, piano, choir, brass, woodwind, pad_synth, lead_synth, arp_synth, rich_texture, pure_tone, bright_harmonics, warm_harmonics, rough_texture, organic_texture, mechanical_texture, gaseous_texture, metallic_texture, fabric_texture, sandy_texture, rubbery_texture, ceramic_texture, reverbed, delayed, chorused, flanged, phased, distorted, compressed, filtered, pitched, ring_modulated, bit_crushed, tape_saturated, tube_saturated, multiband_processed",fm_synth,1.0000,39,True
01_230610_0001_TR11.wav,381.4100,2254.2000,1080.7700,4425.0700,3442.5300,0.0400,0.0360,0.0200,112.3000,1.8640,D,0.6280,-322.5432,80.1977,142.3962,30.4779,-2.7416,30.4973,13.1149,15.8683,10.3918,11.3986,11.3069,9.3291,-0.8810,8.8078,-1.4294,9.9122,-1.9527,10.1407,3.1568,9.1719,-0.6120,6.9566,-0.0050,7.4014,4.0549,8.0274,0.4160,0.4690,0.6280,0.4350,0.3700,0.4110,0.4030,0.3490,0.3380,0.3640,0.4280,0.5220,0.0320,-0.0400,-0.0060,-0.0570,-0.0230,-0.0060,0.0842,3279.3470,12.7100,3.1300,False,False,False,2.0000,0.0000,brightening,"organic, synthetic, exuberant, warm, droning, opalescent, granular, fibrous, ceramic, plastic, powdery, triumphant, yearning, undulating, rippling, drifting, expansive, panoramic, rubato, accelerando, fermata, desert",synthetic,0.9630,"analog_synth, digital_synth, percussive_instrument, acoustic_instrument, granular_synth, drum_machine, sampler, additive_synth, modular_synth, piano, lead_synth, rich_texture, pure_tone, bright_harmonics, warm_harmonics, smooth_texture, rough_texture, organic_texture, gaseous_texture, sandy_texture, ceramic_texture, reverbed, delayed, chorused, flanged, phased, distorted, compressed, filtered, pitched, ring_modulated, bit_crushed, tape_saturated, tube_saturated, multiband_processed",sampler,1.0000,30,True
01_231012_0001_TR11.wav,253.3600,1490.4100,1101.5800,2722.2200,1610.7000,0.0500,0.0280,0.0090,139.7000,2.1230,G,0.6790,-417.2953,78.0841,226.7052,46.9207,-36.4631,31.2140,-23.3441,23.6147,21.6027,14.0806,8.1673,11.8592,-6.5524,12.0971,-10.2778,9.3013,-6.6662,8.0818,-6.4944,9.1262,-6.3319,8.2535,-2.4002,8.2648,-2.7136,7.4335,0.5880,0.4510,0.3550,0.2540,0.3060,0.1950,0.3170,0.6790,0.3280,0.3260,0.1970,0.3200,0.2720,0.3370,0.0760,0.0640,0.0180,0.0360,0.1664,4518.1480,84.4500,103.3700,False,False,False,2.0000,0.0000,darkening,"organic, warm, driving, droning, granular, fibrous, rubbery, gelatinous, powdery, melancholic, nostalgic, serene, mysterious, longing, contemplative, introspective, wistful, pulsating, oscillating, rippling, drifting, decelerating, pendular, intimate, rubato, accelerando, ritardando, fermata, ostinato, glacial",rippling,1.0000,"analog_synth, mellotron, am_synth, granular_synth, wavetable_synth, physical_modeling, sampler, subtractive_synth, additive_synth, modular_synth, string_machine, organ, piano, choir, brass, woodwind, pad_synth, lead_synth, arp_synth, rich_texture, pure_tone, bright_harmonics, warm_harmonics, smooth_texture, rough_texture, organic_texture, liquid_texture, wooden_texture, fabric_texture, waxy_texture, rubbery_texture, plastic_texture, reverbed, delayed, chorused, flanged, phased, compressed, filtered, pitched, bit_crushed, tape_saturated, tube_saturated, multiband_processed",sampler,1.0000,3,True
01_231020_0001_TR11.wav,409.5000,1298.3800,928.5600,2407.3400,1775.1200,0.0340,0.0470,0.0160,95.7000,1.4360,G#,0.4810,-377.0476,80.4605,190.8777,42.5950,-6.5589,40.7346,4.2072,20.1124,20.4020,12.8262,11.3971,10.9730,-0.1064,12.8496,-5.9622,10.4101,-4.9007,9.0320,-1.8965,8.5179,0.9982,13.5844,-2.7728,10.8427,-4.8933,7.6220,0.4240,0.3210,0.3580,0.3650,0.4040,0.3840,0.2990,0.4720,0.4810,0.3600,0.3110,0.3680,-0.0680,0.2420,0.1260,0.2680,-0.0080,0.0230,0.1416,4997.5800,15.1700,4.9100,True,False,True,7.0000,0.0000,stable,"organic, pensive, crystalline, warm, melodic, driving, droning, velvet, silky, fibrous, wooden, plastic, spongy, gelatinous, powdery, melancholic, nostalgic, serene, mysterious, brooding, hopeful, longing, contemplative, yearning, introspective, wistful, compassionate, pulsating, undulating, rippling, flowing, decelerating, pendular, intimate, panoramic, rubato, legato, ritardando, tenuto, fermata, oceanic, glacial, pastoral, eclipse",pensive,1.0000,"analog_synth, mellotron, am_synth, granular_synth, wavetable_synth, physical_modeling, sampler, subtractive_synth, additive_synth, modular_synth, string_machine, organ, piano, choir, brass, woodwind, pad_synth, arp_synth, rich_texture, pure_tone, bright_harmonics, warm_harmonics, smooth_texture, rough_texture, organic_texture, liquid_texture, wooden_texture, fabric_texture, waxy_texture, rubbery_texture, plastic_texture, reverbed, delayed, chorused, flanged, phased, compressed, filtered, pitched, bit_crushed, tape_saturated, tube_saturated, multiband_processed",sampler,1.0000,27,True
01_231121_0001_TR11.wav,179.7200,2313.8100,2545.3800,3626.7400,4169.1500,0.0390,0.0070,0.0050,79.5000,1.2300,B,0.7360,-533.6912,56.6395,111.2409,51.9866,47.2866,21.5206,12.4857,17.6453,17.4177,10.1702,16.4319,8.1168,11.2613,5.9876,2.6427,7.7528,5.9802,4.7270,4.5101,4.8923,4.4896,4.4267,-0.6477,7.5635,2.2956,5.7360,0.6210,0.6380,0.6940,0.6610,0.5640,0.5570,0.6890,0.5340,0.4940,0.5670,0.5950,0.7360,0.2920,0.1740,0.2410,-0.2320,-0.0170,-0.0830,0.0337,8310.7140,35.9400,51.5700,False,True,False,4.0000,0.0000,brightening,"spacey, synthetic, atmospheric, crystalline, nebulous, vaporous, translucent, expansive, panoramic",synthetic,0.9630,"analog_synth, digital_synth, acoustic_instrument, granular_synth, drum_machine, sampler, subtractive_synth, additive_synth, modular_synth, lead_synth, rich_texture, pure_tone, bright_harmonics, warm_harmonics, smooth_texture, rough_texture, organic_texture, gaseous_texture, sandy_texture, ceramic_texture, plastic_texture, reverbed, delayed, chorused, flanged, phased, distorted, compressed, filtered, pitched, ring_modulated, bit_crushed, tape_saturated, tube_saturated, multiband_processed",sampler,1.0000,5,True
01_240219_0001_TR11.wav,358.3000,1490.2900,870.3400,2447.9600,3274.0800,0.0230,0.0090,0.0060,191.4000,2.7270,A,0.7910,-564.4442,45.0388,139.4269,28.8311,41.2071,19.6001,28.6910,10.2788,39.7775,9.3898,26.6112,10.6937,6.3907,10.5726,0.2431,10.1084,2.7601,10.4635,4.6956,11.6493,-1.4317,10.5551,-6.5310,11.1110,-3.3530,8.8523,0.2920,0.3150,0.5200,0.3580,0.3710,0.3590,0.3110,0.3360,0.5600,0.7910,0.5310,0.3440,0.2690,-0.1340,-0.2250,-0.1910,-0.0100,0.1730,0.1319,3832.4040,12.8000,3.4200,True,False,True,3.0000,0.0000,stable,"oozy, atmospheric, warm, percussive",oozy,0.9170,"analog_synth, acoustic_instrument, granular_synth, sampler, subtractive_synth, additive_synth, modular_synth, organ, piano, pad_synth, rich_texture, pure_tone, bright_harmonics, warm_harmonics, smooth_texture, rough_texture, organic_texture, liquid_texture, gaseous_texture, sandy_texture, plastic_texture, reverbed, delayed, chorused, flanged, phased, distorted, compressed, filtered, pitched, bit_crushed, tape_saturated, tube_saturated, multiband_processed",sampler,1.0000,28,True
2020 winter chills.aif,403.5000,1818.8900,1340.0000,3198.3200,3054.8900,0.0270,0.0180,0.0080,123.0000,2.0170,F,0.4950,-463.5535,103.8210,152.9233,33.6964,26.8421,29.0470,-1.2736,23.6499,-9.5982,21.4625,-4.4426,16.6707,-4.9707,11.7592,-0.7808,13.0576,-4.2974,10.7784,2.0292,12.7377,2.2613,12.7549,2.1809,12.8384,5.3426,14.1300,0.1380,0.1260,0.1350,0.2300,0.3780,0.4950,0.4600,0.2350,0.1800,0.1230,0.1140,0.1280,-0.0040,-0.0370,-0.0690,0.0380,-0.0090,-0.0020,0.1406,10692.8220,16.8100,8.4600,True,False,True,4.0000,0.0000,brightening,"synthetic, droning, nebulous, vaporous, powdery, serene, drifting, expansive, desert, glacial",synthetic,0.9630,"analog_synth, acoustic_instrument, granular_synth, drum_machine, sampler, subtractive_synth, additive_synth, modular_synth, piano, pad_synth, lead_synth, rich_texture, pure_tone, bright_harmonics, warm_harmonics, smooth_texture, rough_texture, organic_texture, liquid_texture, gaseous_texture, sandy_texture, ceramic_texture, plastic_texture, reverbed, delayed, chorused, flanged, phased, distorted, compressed, filtered, pitched, ring_modulated, bit_crushed, tape_saturated, tube_saturated, multiband_processed",sampler,1.0000,24,True
2021 02 28 station by the bay.aif,531.0000,2020.8500,820.7700,3665.9200,3291.3500,0.0340,0.0570,0.0260,120.2000,1.9590,E,0.4890,-270.1888,76.6202,161.1361,28.8881,0.8436,18.7747,15.8709,19.1527,0.4353,12.5553,5.0506,9.0013,0.5388,7.5576,5.3666,10.1813,1.0161,7.6729,-2.3242,10.6562,-1.1869,10.1570,2.2582,7.9319,-3.6219,13.0104,0.3120,0.3520,0.4420,0.4670,0.4890,0.4450,0.3880,0.3690,0.3820,0.3530,0.3730,0.3700,0.0290,-0.0080,-0.0010,0.0080,0.0170,0.0080,0.1679,8316.0470,14.7500,5.7300,True,False,False,4.0000,0.0000,brightening,"organic, synthetic, pensive, exuberant, warm, melodic, driving, droning, granular, fibrous, metallic, ceramic, plastic, rubbery, hopeful, yearning, pulsating, undulating, oscillating, rippling, flowing, pendular, expansive, panoramic, rubato, accelerando, vibrato, fermata, ostinato, pastoral",expansive,1.0000,"analog_synth, digital_synth, acoustic_instrument, granular_synth, drum_machine, sampler, subtractive_synth, additive_synth, modular_synth, string_machine, piano, pad_synth, lead_synth, rich_texture, pure_tone, bright_harmonics, warm_harmonics, smooth_texture, rough_texture, organic_texture, liquid_texture, gaseous_texture, sandy_texture, ceramic_texture, plastic_texture, reverbed, delayed, chorused, flanged, phased, distorted, compressed, filtered, pitched, ring_modulated, bit_crushed, tape_saturated, tube_saturated, multiband_processed",sampler,1.0000,36,True
2021 04 09 flipped tablas.aif,435.5000,1963.4500,1262.0400,3663.5800,3284.2100,0.0310,0.0260,0.0240,132.5000,2.1610,D,0.7480,-428.3468,63.5177,115.9027,34.4897,21.5129,23.2395,17.7986,15.7270,8.4047,16.0575,9.7466,11.9553,4.3062,9.8852,1.5537,9.4583,-1.4346,10.8497,-0.9204,10.2997,2.7366,9.3398,6.1133,9.4148,10.4792,12.3671,0.2290,0.3790,0.7480,0.3740,0.2780,0.2990,0.3100,0.3250,0.3290,0.2890,0.2460,0.2640,0.0130,0.0740,0.0420,-0.0490,-0.0230,-0.0110,0.2619,2874.6590,12.4400,3.2300,True,False,True,3.0000,0.0000,stable,"organic, synthetic, droning, nebulous, silky, granular, fibrous, powdery, serene, longing, contemplative, rippling, drifting, accelerating, decelerating, expansive, accelerando, fermata, desert, glacial",synthetic,0.9630,"analog_synth, acoustic_instrument, granular_synth, drum_machine, sampler, subtractive_synth, additive_synth, modular_synth, string_machine, piano, pad_synth, lead_synth, rich_texture, pure_tone, bright_harmonics, warm_harmonics, smooth_texture, rough_texture, organic_texture, liquid_texture, gaseous_texture, sandy_texture, ceramic_texture, plastic_texture, reverbed, delayed, chorused, flanged, phased, distorted, compressed, filtered, pitched, ring_modulated, bit_crushed, tape_saturated, tube_saturated, multiband_processed",sampler,1.0000,35,True
2021 04 18 grampy rabbit.aif,526.0000,926.4500,1233.1700,1243.6600,2162.0500,0.0150,0.1170,0.0460,57.4000,0.9330,D,0.6970,-297.7108,49.5876,194.8056,24.1369,43.6674,35.9443,14.6424,22.0090,18.9531,11.5660,19.7516,10.3708,8.6869,8.6398,1.3836,8.1752,1.6149,7.4247,-0.1436,6.7826,0.2702,6.8068,-0.5255,7.6142,-0.4115,7.7611,0.6100,0.6350,0.6970,0.6300,0.6350,0.6340,0.5900,0.5430,0.5640,0.5530,0.5380,0.5780,-0.0380,-0.0190,-0.0170,-0.0760,-0.0160,0.0190,0.1395,12429.1020,18.7900,10.2200,True,False,True,4.0000,0.0000,brightening,"crystalline, warm, driving, percussive, droning, molten, wooden, undulating, rubato, tenuto, oceanic",tenuto,0.9630,"analog_synth, acoustic_instrument, granular_synth, physical_modeling, sampler, modular_synth, string_machine, organ, piano, choir, woodwind, pad_synth, rich_texture, pure_tone, bright_harmonics, warm_harmonics, smooth_texture, rough_texture, organic_texture, gaseous_texture, wooden_texture, fabric_texture, sandy_texture, reverbed, delayed, chorused, flanged, phased, distorted, compressed, filtered, pitched, bit_crushed, tape_saturated, tube_saturated, multiband_processed",sampler,1.0000,28,True
2021 04 24 instead of.aif,958.5000,1742.7800,743.0800,3133.7400,2934.7800,0.0210,0.1300,0.0500,129.2000,2.1640,D,0.5800,-194.1631,69.1100,173.2090,24.6898,-7.5064,19.4471,23.4224,12.7234,0.6600,9.0890,17.0291,8.4644,0.7509,8.5360,7.8477,7.1450,-1.8029,7.4400,2.9944,6.1767,1.7754,6.2626,0.4089,6.8544,1.5897,5.9579,0.5140,0.5070,0.5800,0.5330,0.4810,0.4700,0.4740,0.4880,0.4790,0.4810,0.5110,0.4960,-0.0230,0.1090,0.0720,0.0040,0.0180,0.0180,0.2960,2234.2830,12.9500,3.0200,True,False,True,5.0000,0.0000,stable,"synthetic, tense, exuberant, warm, percussive, droning, rubbery, euphoric, triumphant, rebellious, pulsating, oscillating, spiraling, accelerating, expansive, claustrophobic, dimensional, fractal, accelerando, ostinato, tropical",expansive,1.0000,"analog_synth, acoustic_instrument, granular_synth, wavetable_synth, drum_machine, sampler, subtractive_synth, additive_synth, modular_synth, piano, brass, pad_synth, lead_synth, rich_texture, pure_tone, bright_harmonics, warm_harmonics, smooth_texture, rough_texture, organic_texture, liquid_texture, gaseous_texture, sandy_texture, plastic_texture, reverbed, delayed, chorused, flanged, phased, distorted, compressed, filtered, pitched, ring_modulated, bit_crushed, tape_saturated, tube_saturated, multiband_processed",sampler,1.0000,74,True
2021 04 chime time.aif,288.5000,945.1500,843.2400,1368.6900,1972.1600,0.0170,0.0460,0.0330,78.3000,1.2720,D,0.6370,-427.8447,82.9808,166.7940,36.7737,44.1732,45.9169,14.3502,14.9899,-2.1797,13.2352,-3.4668,11.2597,-2.3389,10.0887,0.0584,9.5758,-0.4209,8.5478,-2.1901,8.4455,-2.9807,8.5684,-2.1944,9.0103,-0.6807,9.6738,0.2090,0.3880,0.6370,0.3960,0.2620,0.2720,0.3620,0.4650,0.3300,0.2610,0.1770,0.1750,0.2930,0.3600,0.1960,-0.2420,-0.0530,-0.1030,0.2429,7251.3050,16.0300,7.0200,True,False,False,5.0000,0.0000,brightening,"organic, pensive, crystalline, warm, melodic, droning, velvet, silky, wooden, spongy, melancholic, brooding, hopeful, contemplative, introspective, compassionate, undulating, flowing, decelerating, cavernous, intimate, rubato, legato, ritardando, tenuto, fermata, oceanic, glacial, pastoral, eclipse",warm,1.0000,"analog_synth, mellotron, acoustic_instrument, granular_synth, physical_modeling, sampler, subtractive_synth, modular_synth, string_machine, organ, piano, choir, woodwind, pad_synth, rich_texture, pure_tone, bright_harmonics, warm_harmonics, smooth_texture, rough_texture, organic_texture, liquid_texture, gaseous_texture, wooden_texture, fabric_texture, sandy_texture, reverbed, delayed, chorused, flanged, phased, distorted, compressed, filtered, pitched, bit_crushed, tape_saturated, tube_saturated, multiband_processed",sampler,1.0000,18,True
2021 05 01 unclearing.aif,1192.0000,1787.2700,826.3900,3180.3900,2694.8600,0.0280,0.2020,0.0690,123.0000,2.0390,B,0.5040,-153.3049,87.8157,178.9533,34.6503,-22.7773,23.8023,13.9495,15.0198,1.6542,10.2372,1.9857,6.7421,-3.1393,7.8117,-4.9773,8.1666,-6.8770,8.0160,-4.1822,8.3104,-5.6982,7.9637,-3.9224,13.1453,-2.3515,14.9139,0.4460,0.3650,0.3460,0.2700,0.3970,0.3640,0.4370,0.3810,0.4010,0.3000,0.3170,0.5040,0.1460,-0.0960,0.0090,0.1730,0.0380,-0.0150,0.3703,11849.2960,15.8900,11.2800,True,False,True,7.0000,0.0000,brightening,"synthetic, tense, exuberant, warm, percussive, droning, euphoric, triumphant, expansive",synthetic,0.9630,"analog_synth, acoustic_instrument, granular_synth, wavetable_synth, physical_modeling, drum_machine, sampler, subtractive_synth, additive_synth, modular_synth, piano, brass, pad_synth, lead_synth, rich_texture, pure_tone, bright_harmonics, warm_harmonics, smooth_texture, rough_texture, organic_texture, liquid_texture, gaseous_texture, sandy_texture, plastic_texture, reverbed, delayed, chorused, flanged, phased, distorted, compressed, filtered, pitched, ring_modulated, bit_crushed, tape_saturated, tube_saturated, multiband_processed",sampler,1.0000,75,True
2021 05 02 gongs and bongs raw.aif,402.5000,2322.8100,1304.8800,4454.7600,3934.4400,0.0300,0.0380,0.0730,132.5000,2.2310,C#,0.6930,-424.2797,79.0428,87.9578,38.5466,21.4802,21.1158,11.3169,12.1262,5.4599,10.7143,3.3144,9.5792,1.0318,10.6776,-0.1779,11.3046,1.0026,13.2227,2.2621,13.8258,0.2105,10.3289,-0.5567,7.4279,0.5915,10.9529,0.5480,0.6930,0.5870,0.3850,0.2280,0.1920,0.2120,0.1340,0.1520,0.1890,0.2680,0.5150,-0.0270,0.1380,-0.0570,0.2050,0.0010,0.0810,0.3336,6062.3110,13.8800,4.4100,True,False,False,2.0000,0.0000,brightening,"organic, synthetic, exuberant, warm, droning, opalescent, granular, ceramic, plastic, powdery, triumphant, yearning, undulating, rippling, drifting, accelerating, expansive, rubato, accelerando, fermata, desert, mirage",synthetic,0.9630,"analog_synth, digital_synth, percussive_instrument, acoustic_instrument, granular_synth, drum_machine, sampler, additive_synth, modular_synth, lead_synth, rich_texture, pure_tone, bright_harmonics, warm_harmonics, smooth_texture, rough_texture, organic_texture, gaseous_texture, sandy_texture, ceramic_texture, reverbed, delayed, chorused, flanged, phased, distorted, compressed, filtered, pitched, ring_modulated, bit_crushed, tape_saturated, tube_saturated, multiband_processed",sampler,1.0000,29,True
2021 07 10 tristar tribute.aif,232.0000,1606.5400,362.3500,2676.7700,2237.6600,0.0360,0.3550,0.0830,136.0000,2.2280,C#,0.5620,-75.3186,67.2587,204.2556,28.8777,-40.4437,15.3060,3.4666,7.5402,-13.0062,7.0792,-1.6013,8.7725,-9.2180,6.9674,-3.1208,5.9216,0.5957,6.6414,3.0116,5.6528,1.1611,5.7425,1.2977,5.6403,0.8995,5.8350,0.3650,0.5620,0.4210,0.4040,0.3080,0.3640,0.4360,0.3880,0.3730,0.3260,0.5290,0.3440,-0.1770,-0.1130,0.0240,-0.1260,0.0410,0.0410,0.3687,1490.1850,12.8900,3.2000,True,False,True,6.0000,0.0000,stable,"synthetic, tense, exuberant, warm, percussive, droning, euphoric, triumphant, pulsating, oscillating, rippling, accelerating, expansive, accelerando, ostinato",synthetic,0.9630,"analog_synth, acoustic_instrument, fm_synth, granular_synth, wavetable_synth, physical_modeling, drum_machine, sampler, subtractive_synth, additive_synth, modular_synth, string_machine, organ, piano, brass, woodwind, pad_synth, lead_synth, rich_texture, pure_tone, bright_harmonics, warm_harmonics, smooth_texture, rough_texture, organic_texture, mechanical_texture, liquid_texture, gaseous_texture, sandy_texture, waxy_texture, rubbery_texture, plastic_texture, reverbed, delayed, chorused, flanged, phased, distorted, compressed, filtered, pitched, ring_modulated, bit_crushed, tape_saturated, tube_saturated, multiband_processed",sampler,1.0000,18,True
2021 08 28 in cv 1st experiment.aif,846.0000,2076.0900,1073.5000,3749.7300,2844.1700,0.0460,0.0970,0.0590,136.0000,2.2100,E,0.5500,-230.4840,79.3140,167.0424,52.9435,-19.7577,27.9731,2.0186,17.0985,-10.6226,14.4237,0.1428,14.3054,-6.0542,9.0524,-6.7609,10.3779,-2.7961,7.7244,-0.3526,7.3659,0.0366,8.0101,1.5770,7.9360,-2.5119,7.9106,0.2870,0.2920,0.2250,0.2500,0.5500,0.5450,0.2840,0.2540,0.3190,0.2360,0.1790,0.1970,-0.0170,0.0710,-0.1750,-0.0180,-0.0150,-0.0200,0.2269,3315.8220,21.1500,22.4000,True,False,True,6.0000,0.0000,brightening,"synthetic, tense, exuberant, driving, percussive, droning, granular, metallic, ceramic, plastic, rubbery, anxious, playful, hopeful, yearning, rebellious, pulsating, undulating, oscillating, spiraling, flowing, accelerating, pendular, expansive, compressed, panoramic, dimensional, fractal, rubato, accelerando, vibrato, fermata, ostinato, tropical",accelerating,1.0000,"analog_synth, digital_synth, acoustic_instrument, granular_synth, wavetable_synth, drum_machine, sampler, subtractive_synth, additive_synth, modular_synth, string_machine, piano, brass, pad_synth, lead_synth, rich_texture, pure_tone, bright_harmonics, warm_harmonics, smooth_texture, rough_texture, organic_texture, liquid_texture, gaseous_texture, sandy_texture, ceramic_texture, plastic_texture, reverbed, delayed, chorused, flanged, phased, distorted, compressed, filtered, pitched, ring_modulated, bit_crushed, tape_saturated, tube_saturated, multiband_processed",sampler,1.0000,40,True
2021 10 02 under construction with the soma enner.aif,297.0000,3510.0300,2870.7900,7073.7200,4233.7600,0.0610,0.0070,0.0130,224.7000,3.5020,B,0.6250,-520.5668,91.8352,101.0948,71.3032,5.6437,37.1589,1.3628,19.4789,5.2269,12.1177,4.6442,11.3761,0.9925,11.0432,-1.1402,9.2241,-0.5001,8.2186,-0.0608,7.3151,1.4120,7.3106,2.9191,6.2979,3.1075,6.1631,0.5910,0.5100,0.5510,0.5620,0.5610,0.5000,0.5120,0.4630,0.5100,0.5180,0.5490,0.6250,0.0290,-0.0260,0.0550,0.0110,-0.0230,-0.0080,0.1033,10776.6200,18.5600,10.5700,False,False,True,4.0000,0.0000,brightening,"spacey, synthetic, tense, exuberant, glitchy, ethereal, atmospheric, percussive, translucent, euphoric, triumphant, ecstatic, spiraling, surging, accelerating, dimensional, accelerando",glitchy,0.9170,"analog_synth, digital_synth, mellotron, percussive_instrument, acoustic_instrument, granular_synth, wavetable_synth, drum_machine, sampler, additive_synth, modular_synth, lead_synth, rich_texture, pure_tone, bright_harmonics, warm_harmonics, rough_texture, organic_texture, gaseous_texture, glassy_texture, sandy_texture, reverbed, delayed, chorused, flanged, phased, distorted, compressed, filtered, pitched, ring_modulated, bit_crushed, multiband_processed",sampler,1.0000,16,True
2021 10 06 some enner g.aif,468.0000,927.1500,376.7400,1269.6800,2302.0600,0.0110,0.1540,0.0570,107.7000,1.7910,C,0.6130,-259.2606,50.7770,191.9666,22.8846,25.8578,23.2384,12.1970,12.6941,18.1755,9.4636,8.2860,9.8539,8.6697,7.8164,4.5737,7.7245,3.9705,6.3659,6.1486,6.5009,3.6538,5.8831,7.9456,5.6582,2.0082,5.6120,0.6130,0.5590,0.5140,0.5650,0.6070,0.6120,0.6100,0.5600,0.5660,0.5790,0.5870,0.6090,-0.0340,-0.0070,-0.0370,-0.0840,-0.0100,0.0290,0.1757,826.0830,12.6500,2.5100,True,False,True,6.0000,0.0000,stable,"exuberant, warm, percussive, droning, molten, euphoric",percussive,0.9170,"analog_synth, acoustic_instrument, granular_synth, physical_modeling, sampler, modular_synth, string_machine, organ, piano, woodwind, pad_synth, rich_texture, pure_tone, bright_harmonics, warm_harmonics, smooth_texture, rough_texture, organic_texture, gaseous_texture, sandy_texture, reverbed, delayed, chorused, flanged, phased, distorted, compressed, filtered, pitched, bit_crushed, tape_saturated, tube_saturated, multiband_processed",sampler,1.0000,37,True
2021 10 20 taunted xylophone.aif,252.0000,1691.2200,1124.4600,2642.2100,2958.9800,0.0310,0.0170,0.0070,89.1000,1.4840,D#,0.4770,-416.7426,53.2191,179.0776,32.7619,13.3039,18.0114,2.7401,12.8649,-4.1669,9.4428,1.9962,8.9893,-6.2179,8.6252,-6.3633,9.7565,-4.9461,8.6039,-8.9411,8.0790,-0.5771,9.0179,-3.9007,10.7587,0.9588,10.3560,0.2780,0.4000,0.3820,0.4770,0.3320,0.1760,0.1540,0.1730,0.1710,0.2100,0.3720,0.3350,-0.0240,0.0410,0.0020,-0.0370,0.0150,0.0230,0.0896,12346.6400,28.0000,19.9200,False,False,False,2.0000,0.0000,brightening,"synthetic, pensive, crystalline, warm, droning, nebulous, powdery, serene, drifting, expansive, panoramic, desert, glacial",synthetic,0.9630,"analog_synth, acoustic_instrument, granular_synth, wavetable_synth, drum_machine, sampler, subtractive_synth, additive_synth, modular_synth, string_machine, organ, piano, brass, pad_synth, lead_synth, rich_texture, pure_tone, bright_harmonics, warm_harmonics, smooth_texture, rough_texture, organic_texture, liquid_texture, gaseous_texture, sandy_texture, waxy_texture, plastic_texture, reverbed, delayed, chorused, flanged, phased, distorted, compressed, filtered, pitched, ring_modulated, bit_crushed, tape_saturated, tube_saturated, multiband_processed",sampler,1.0000,9,True
2021 11 20 signal bonus.aif,896.0000,1686.4500,1180.1800,2928.9400,2959.7300,0.0250,0.0180,0.0180,72.8000,1.1960,F#,0.5000,-454.2336,74.8766,144.4876,38.8171,19.1603,29.8591,16.3717,15.6752,12.2259,13.9474,11.3192,13.0883,5.8537,11.6942,-0.6880,10.1054,-0.2401,9.6659,0.1887,10.2424,0.0880,9.6664,3.6451,7.5472,1.3418,8.5124,0.4190,0.3900,0.3850,0.3850,0.4170,0.4560,0.5000,0.4510,0.4350,0.4440,0.4420,0.4500,0.0400,-0.0130,-0.0410,-0.0080,0.0180,0.0390,0.1976,12825.1150,14.9300,6.2400,True,False,True,7.0000,0.0000,brightening,"synthetic, pensive, crystalline, warm, droning, nebulous, powdery, serene, drifting, expansive, panoramic, desert, glacial",synthetic,0.9630,"analog_synth, acoustic_instrument, granular_synth, wavetable_synth, drum_machine, sampler, subtractive_synth, additive_synth, modular_synth, organ, piano, brass, pad_synth, lead_synth, rich_texture, pure_tone, bright_harmonics, warm_harmonics, smooth_texture, rough_texture, organic_texture, liquid_texture, gaseous_texture, sandy_texture, plastic_texture, reverbed, delayed, chorused, flanged, phased, distorted, compressed, filtered, pitched, ring_modulated, bit_crushed, tape_saturated, tube_saturated, multiband_processed",sampler,1.0000,60,True
2021 12 10 do you know blah blah.aif,243.0000,1708.5800,1534.2100,2900.6000,2845.1300,0.0350,0.0170,0.0080,110.0000,1.1360,E,0.5700,-444.0136,64.1533,187.4563,42.8487,15.7139,26.3862,10.8651,20.8707,14.2640,22.2242,-7.4580,17.7400,-0.7955,13.7653,5.9371,11.2692,1.0810,13.0339,-2.3673,11.5919,-3.9399,10.9670,-6.2102,8.4169,-5.1136,8.1387,0.4820,0.2260,0.2030,0.2500,0.5700,0.4620,0.2680,0.2270,0.1820,0.3520,0.3100,0.5020,0.1980,-0.1010,-0.0140,0.1590,0.0060,-0.0070,0.1460,9170.3040,27.0000,30.2900,True,False,True,4.0000,0.0000,brightening,"synthetic, pensive, crystalline, warm, droning, nebulous, powdery, serene, drifting, expansive, panoramic, desert, glacial",synthetic,0.9630,"analog_synth, acoustic_instrument, granular_synth, wavetable_synth, drum_machine, sampler, subtractive_synth, additive_synth, modular_synth, string_machine, organ, piano, brass, pad_synth, lead_synth, rich_texture, pure_tone, bright_harmonics, warm_harmonics, smooth_texture, rough_texture, organic_texture, liquid_texture, gaseous_texture, sandy_texture, waxy_texture, plastic_texture, reverbed, delayed, chorused, flanged, phased, distorted, compressed, filtered, pitched, ring_modulated, bit_crushed, tape_saturated, tube_saturated, multiband_processed",sampler,1.0000,9,True
2021 12 20 chiminy biscuits.aif,328.0000,1556.6000,1684.6100,2556.0700,3007.5800,0.0200,0.0120,0.0070,129.2000,1.9820,D,0.7020,-495.7945,64.3036,160.3496,37.0591,24.0872,25.6987,25.6560,12.9040,15.9556,12.1282,11.0938,10.0666,10.3279,8.9221,7.1443,9.9409,6.3261,7.4382,5.5943,7.1104,5.0592,6.7475,3.9715,7.0224,2.7136,6.2348,0.5210,0.5670,0.7020,0.6410,0.5820,0.5460,0.5180,0.5800,0.6000,0.5400,0.5260,0.5230,-0.0430,-0.0360,0.0700,0.1140,0.0460,-0.0530,0.1197,12766.6740,13.6700,3.4100,True,False,True,5.0000,0.0000,brightening,"synthetic, atmospheric, warm, droning, powdery, drifting, glacial",synthetic,0.9630,"analog_synth, acoustic_instrument, granular_synth, drum_machine, sampler, subtractive_synth, additive_synth, modular_synth, organ, piano, pad_synth, rich_texture, pure_tone, bright_harmonics, warm_harmonics, smooth_texture, rough_texture, organic_texture, gaseous_texture, sandy_texture, plastic_texture, reverbed, delayed, chorused, flanged, phased, distorted, compressed, filtered, pitched, ring_modulated, bit_crushed, tape_saturated, multiband_processed",sampler,1.0000,24,True
2021 earworm.aif,498.0000,2180.9700,933.6400,4106.3400,3466.9700,0.0300,0.0190,0.0100,90.7000,1.4920,A,0.5200,-378.0435,66.4654,152.7878,33.1033,1.3660,22.5635,17.4577,16.3916,-7.6412,13.3282,-3.0996,10.7500,1.3012,10.6693,2.3276,11.4084,-9.3266,10.6679,-2.3331,8.6562,-4.6486,8.6299,-7.2105,10.9624,-3.4262,10.0837,0.3690,0.3610,0.3600,0.2530,0.2690,0.3290,0.3540,0.3380,0.3480,0.5200,0.5080,0.4550,0.0560,-0.0270,-0.0720,-0.0250,-0.0020,0.0080,0.1418,13923.2530,16.6000,10.2700,True,False,True,5.0000,0.0000,brightening,"spacey, synthetic, pensive, crystalline, droning, nebulous, vaporous, opalescent, powdery, serene, drifting, expansive, panoramic, desert",synthetic,0.9630,"analog_synth, digital_synth, percussive_instrument, acoustic_instrument, granular_synth, drum_machine, sampler, additive_synth, modular_synth, piano, lead_synth, rich_texture, pure_tone, bright_harmonics, warm_harmonics, smooth_texture, rough_texture, organic_texture, liquid_texture, gaseous_texture, sandy_texture, ceramic_texture, reverbed, delayed, chorused, flanged, phased, distorted, compressed, filtered, pitched, ring_modulated, bit_crushed, tape_saturated, tube_saturated, multiband_processed",sampler,1.0000,30,True
2021 melody partially resolute tetrax.aif,152.0000,1411.8900,1031.9600,2320.8300,2545.5400,0.0210,0.0130,0.0100,83.4000,1.3290,G,0.5600,-500.5582,71.7889,196.6452,46.9066,10.4867,13.6759,-17.5368,11.4517,2.8466,6.9309,3.9989,5.2661,-1.4549,6.4225,-7.2371,8.3473,-3.7601,7.7389,-3.8742,5.8743,-10.4398,4.7761,-8.5085,3.8925,-6.7026,3.9247,0.3130,0.1430,0.0940,0.1510,0.3570,0.3610,0.4450,0.5600,0.2140,0.1030,0.1090,0.1630,0.0810,0.0600,0.0310,0.0400,0.0640,0.0280,0.1227,2916.3430,12.6700,5.3600,True,False,True,3.0000,0.0000,brightening,"oozy, pensive, atmospheric, crystalline, warm, droning, powdery, drifting, panoramic, glacial",oozy,0.9170,"analog_synth, acoustic_instrument, granular_synth, wavetable_synth, physical_modeling, sampler, subtractive_synth, additive_synth, modular_synth, organ, piano, brass, pad_synth, rich_texture, pure_tone, bright_harmonics, warm_harmonics, smooth_texture, rough_texture, organic_texture, liquid_texture, gaseous_texture, sandy_texture, plastic_texture, reverbed, delayed, chorused, flanged, phased, distorted, compressed, filtered, pitched, bit_crushed, tape_saturated, tube_saturated, multiband_processed",sampler,1.0000,12,True
2022 01 15 dont pick up.aif,436.5000,2154.4000,1311.6800,4198.6000,3984.2000,0.0540,0.0490,0.0390,184.6000,2.9120,C#,0.6640,-369.4541,48.8989,177.6947,34.0904,82.7598,24.6794,3.9524,18.1838,-7.6098,9.5321,9.6270,7.1768,-16.0798,7.6040,10.1289,6.9435,-16.2163,6.7649,-1.3113,6.5806,-0.1630,5.8845,-11.4361,5.8504,11.4907,5.6871,0.6270,0.6640,0.5830,0.4610,0.2930,0.3300,0.2660,0.3590,0.4260,0.4600,0.5270,0.5350,-0.0990,-0.0060,-0.1030,0.0730,-0.0150,-0.0470,0.2647,10233.3390,15.0500,6.7900,True,False,False,5.0000,0.0000,brightening,"organic, synthetic, pensive, exuberant, warm, melodic, percussive, droning, granular, ceramic, plastic, powdery, serene, mysterious, hopeful, yearning, pulsating, undulating, spiraling, surging, rippling, flowing, accelerating, pendular, panoramic, dimensional, fractal, rubato, accelerando, vibrato, fermata, desert, pastoral, mirage",pulsating,0.9630,"analog_synth, digital_synth, mellotron, percussive_instrument, acoustic_instrument, am_synth, granular_synth, drum_machine, sampler, additive_synth, modular_synth, string_machine, lead_synth, arp_synth, rich_texture, pure_tone, bright_harmonics, warm_harmonics, rough_texture, organic_texture, liquid_texture, gaseous_texture, sandy_texture, ceramic_texture, reverbed, delayed, chorused, flanged, phased, distorted, compressed, filtered, pitched, ring_modulated, bit_crushed, tape_saturated, tube_saturated, multiband_processed",sampler,1.0000,29,True
2022 06 05 negative 60.aif,252.0000,1494.5400,2822.0700,2306.8400,2168.4700,0.0300,0.0270,0.0200,74.9000,1.0910,C,0.7950,-496.1347,100.2029,166.5458,70.2560,26.2144,33.6931,14.6288,16.3487,35.1009,14.3872,15.9838,9.8520,0.5856,9.4066,-1.0963,7.8137,-2.8493,7.9978,-3.7017,6.7018,-4.4089,8.6439,-4.2895,7.2353,-6.1265,7.3507,0.7950,0.4990,0.2450,0.1650,0.1400,0.0830,0.2850,0.5040,0.3550,0.3830,0.4490,0.6130,0.1260,-0.1570,0.3400,0.1220,-0.1160,0.0100,0.1430,13104.4330,63.0000,89.7000,False,False,False,4.0000,0.0000,brightening,"organic, pensive, crystalline, warm, droning, silky, fibrous, spongy, gelatinous, powdery, melancholic, nostalgic, serene, mysterious, longing, contemplative, yearning, introspective, wistful, undulating, rippling, drifting, decelerating, pendular, intimate, panoramic, rubato, ritardando, fermata, glacial, eclipse",rippling,1.0000,"analog_synth, acoustic_instrument, granular_synth, wavetable_synth, physical_modeling, sampler, subtractive_synth, additive_synth, modular_synth, string_machine, organ, piano, choir, brass, woodwind, pad_synth, rich_texture, pure_tone, bright_harmonics, warm_harmonics, smooth_texture, rough_texture, organic_texture, liquid_texture, gaseous_texture, wooden_texture, fabric_texture, sandy_texture, rubbery_texture, plastic_texture, reverbed, delayed, chorused, flanged, phased, distorted, compressed, filtered, pitched, bit_crushed, tape_saturated, tube_saturated, multiband_processed",sampler,1.0000,4,True
2022 09 17 caving in.aif,568.0000,1242.2700,879.5800,1915.3000,2610.2300,0.0170,0.1450,0.1150,63.0000,0.9450,C,0.5970,-269.2780,64.3728,153.1520,30.1347,34.7001,29.0507,17.4450,17.2972,0.9369,17.2392,-2.6803,17.4258,-3.5096,14.0181,0.2799,11.8585,0.8227,10.6177,1.3933,9.7094,1.0494,8.4801,1.1928,7.9358,1.3388,7.7599,0.5970,0.4500,0.3450,0.3830,0.4060,0.3880,0.4950,0.4290,0.3370,0.3380,0.4800,0.5540,-0.0420,-0.1360,0.0490,-0.0830,0.0030,0.0200,0.4978,8158.5440,15.7800,7.9100,True,False,True,6.0000,0.0000,brightening,"pensive, crystalline, warm, percussive, droning",percussive,0.9170,"analog_synth, acoustic_instrument, granular_synth, wavetable_synth, physical_modeling, sampler, subtractive_synth, additive_synth, modular_synth, organ, piano, brass, pad_synth, rich_texture, pure_tone, bright_harmonics, warm_harmonics, smooth_texture, rough_texture, organic_texture, gaseous_texture, sandy_texture, reverbed, delayed, chorused, flanged, phased, distorted, compressed, filtered, pitched, bit_crushed, tape_saturated, multiband_processed",sampler,1.0000,36,True
2022-09-25 while madeline sleeps.aif,642.0000,1170.3300,1216.4800,1813.0600,2012.4700,0.0260,0.1410,0.0920,178.2000,2.2710,C,0.6200,-266.5418,76.3377,188.6514,45.4598,23.1534,27.7198,2.2965,19.3580,-0.3446,20.5528,-6.5434,14.7123,-6.6527,12.7594,-8.6773,11.7771,-8.7169,10.4495,-7.3338,9.6636,-6.0178,9.5453,-3.7908,8.7023,-0.8715,7.8299,0.6200,0.3450,0.2790,0.4360,0.3350,0.2900,0.5060,0.5520,0.3670,0.2930,0.2150,0.3440,-0.0240,0.0360,0.1100,-0.0100,-0.0280,0.0420,0.2372,9904.5070,26.7500,26.7200,True,False,False,7.0000,0.0000,stable,"tense, exuberant, warm, percussive, droning, molten, rubbery, euphoric, playful, triumphant, pulsating, pendular, expansive, claustrophobic, rubato, ostinato",pulsating,1.0000,"analog_synth, acoustic_instrument, granular_synth, physical_modeling, sampler, subtractive_synth, additive_synth, modular_synth, string_machine, organ, piano, choir, woodwind, pad_synth, rich_texture, pure_tone, bright_harmonics, warm_harmonics, smooth_texture, rough_texture, organic_texture, liquid_texture, gaseous_texture, wooden_texture, fabric_texture, sandy_texture, rubbery_texture, reverbed, delayed, chorused, flanged, phased, distorted, compressed, filtered, pitched, bit_crushed, tape_saturated, tube_saturated, multiband_processed",sampler,1.0000,24,True
2022-12-14 a quatrax cosmos memory.aif,692.0000,1008.6100,545.3600,1444.1800,1646.2500,0.0300,0.0940,0.0400,126.0000,1.9580,C#,0.5870,-304.7127,59.1242,215.8482,31.3191,36.2937,42.1894,-24.3726,24.6647,-19.9788,19.5921,-9.8505,14.6960,-12.0672,10.1613,-13.1350,10.1781,-11.8507,10.2358,-9.5526,8.5378,-8.4337,7.7943,-5.7120,7.5049,-4.4592,7.5277,0.5200,0.5870,0.4180,0.4950,0.2820,0.1720,0.1970,0.2330,0.1940,0.2140,0.3370,0.4420,-0.0810,-0.0690,0.0390,-0.0020,0.0350,0.0020,0.0976,2180.3760,22.3200,18.3000,True,False,False,6.0000,0.0000,darkening,"warm, driving, percussive, droning, molten, metallic, wooden, rubbery, playful, hopeful, pulsating, undulating, flowing, decelerating, pendular, panoramic, rubato, legato, accelerando, vibrato, tenuto, fermata, ostinato, oceanic, eclipse",driving,1.0000,"analog_synth, mellotron, am_synth, granular_synth, physical_modeling, sampler, subtractive_synth, additive_synth, modular_synth, string_machine, organ, piano, choir, woodwind, pad_synth, rich_texture, pure_tone, bright_harmonics, warm_harmonics, smooth_texture, rough_texture, organic_texture, liquid_texture, wooden_texture, fabric_texture, rubbery_texture, reverbed, delayed, chorused, flanged, phased, compressed, filtered, pitched, bit_crushed, tape_saturated, tube_saturated, multiband_processed",sampler,1.0000,31,True
2023 04 13 centers.aif,576.5000,2305.3800,1019.7400,3444.5500,2405.9900,0.0690,0.0110,0.0090,126.0000,1.2610,D,0.5830,-447.1278,94.9182,148.6425,49.6019,-91.4123,19.7504,-41.4075,20.7930,-13.8486,9.2333,-26.2744,11.1645,-24.0151,7.6613,-21.0627,9.6647,-9.5638,8.1292,2.8229,7.7115,6.1521,7.3798,4.8488,6.3841,8.4165,6.2894,0.2790,0.3310,0.5830,0.4280,0.5320,0.5710,0.5620,0.3480,0.3560,0.4900,0.4590,0.2950,0.1000,0.0140,-0.0880,-0.0870,-0.0160,-0.0120,0.0758,10436.2310,288.2500,287.4800,False,False,False,2.0000,0.0000,brightening,"spacey, synthetic, atmospheric, droning, nebulous, vaporous, translucent, opalescent, fibrous, metallic, powdery, mysterious, expansive, panoramic, desert",atmospheric,0.9170,"analog_synth, digital_synth, mellotron, acoustic_instrument, fm_synth, am_synth, granular_synth, wavetable_synth, physical_modeling, drum_machine, sampler, subtractive_synth, additive_synth, modular_synth, piano, brass, pad_synth, lead_synth, arp_synth, rich_texture, pure_tone, bright_harmonics, warm_harmonics, rough_texture, organic_texture, mechanical_texture, gaseous_texture, metallic_texture, sandy_texture, ceramic_texture, plastic_texture, reverbed, delayed, chorused, flanged, phased, distorted, compressed, filtered, pitched, ring_modulated, bit_crushed, tape_saturated, tube_saturated, multiband_processed",wavetable_synth,1.0000,2,True
Sentating Spiral Galxies (the poem).mp3,187.7900,2694.8300,1664.8300,5027.5900,2753.7000,0.0710,0.0570,0.0450,114.8000,1.9170,D#,0.4680,-315.3393,78.9186,117.9649,49.6542,-13.1973,33.2799,42.9221,30.0507,-2.6473,26.0458,9.9706,19.7296,4.0270,15.1023,-7.6935,13.7965,-3.1141,11.0882,-5.8338,10.1702,-7.0336,11.9315,-7.8154,11.4863,-4.7094,8.8991,0.4200,0.4200,0.4460,0.4680,0.4550,0.4460,0.4310,0.4240,0.4060,0.4220,0.4450,0.4290,-0.0040,-0.0040,-0.0130,0.0040,0.0030,0.0040,0.0640,1729.9600,11.7400,3.8000,False,False,False,1.0000,0.0000,stable,"organic, synthetic, exuberant, warm, melodic, driving, droning, prismatic, granular, fibrous, metallic, ceramic, plastic, euphoric, mysterious, hopeful, triumphant, pulsating, oscillating, spiraling, rippling, pendular, expansive, panoramic, dimensional, telescopic, accelerando, ostinato, oceanic, aurora",expansive,1.0000,"analog_synth, digital_synth, mellotron, percussive_instrument, acoustic_instrument, granular_synth, wavetable_synth, physical_modeling, drum_machine, sampler, additive_synth, modular_synth, brass, lead_synth, rich_texture, pure_tone, bright_harmonics, warm_harmonics, rough_texture, organic_texture, gaseous_texture, metallic_texture, sandy_texture, reverbed, delayed, chorused, flanged, phased, distorted, compressed, filtered, pitched, ring_modulated, bit_crushed, tube_saturated, multiband_processed",wavetable_synth,1.0000,16,True
Timeliner.wav,172.8700,1277.0200,889.5100,1891.5300,1268.6200,0.0480,0.1590,0.1080,101.3000,1.2780,C,0.4620,-304.0834,83.8132,124.6389,45.6289,-1.4438,49.5993,-9.7643,29.2351,-3.7132,19.9056,-0.7417,16.9986,1.1782,14.1654,-2.1555,13.1737,-9.3185,15.2430,-12.1572,14.8465,-11.2800,13.7824,-10.9260,12.5897,-10.6712,13.2144,0.4620,0.1950,0.1420,0.1690,0.1340,0.1800,0.2310,0.3310,0.1160,0.1010,0.2390,0.2510,-0.1400,0.4420,0.1730,0.0370,0.0930,0.0970,0.1466,1515.7590,17.2900,3.7200,True,False,True,4.0000,0.0000,brightening,"pensive, warm, driving, percussive, droning, metallic, rubbery, playful, yearning, undulating, oscillating, rippling, flowing, decelerating, pendular, rubato, legato, accelerando, ritardando, pastoral, eclipse",percussive,0.9170,"analog_synth, mellotron, am_synth, wavetable_synth, physical_modeling, sampler, subtractive_synth, modular_synth, string_machine, organ, choir, woodwind, pad_synth, arp_synth, rich_texture, pure_tone, bright_harmonics, warm_harmonics, smooth_texture, organic_texture, liquid_texture, wooden_texture, fabric_texture, waxy_texture, rubbery_texture, reverbed, delayed, phased, compressed, filtered, pitched, bit_crushed, tape_saturated, tube_saturated, multiband_processed",sampler,1.0000,10,True
